{
  "benchmarks": {
    "nbody": {
      "arg": "5000000",
      "verify": "VERIFIED-MATCH",
      "langs": {
        "gcrust": {
          "time": {
            "mean_s": 0.29795959990000004,
            "stddev_s": 0.003349336651812362,
            "min_s": 0.29305495800000003,
            "max_s": 0.304687166,
            "median_s": 0.297771271
          },
          "compile_ms": 251.17454101564363,
          "size_bytes": 1759784,
          "output": {
            "floats": [
              -0.169075,
              -0.169083
            ],
            "ints_sample": []
          },
          "ratio_vs_rust": 2.1033261299772326
        },
        "rust": {
          "time": {
            "mean_s": 0.1416611507142857,
            "stddev_s": 0.0011032929406778668,
            "min_s": 0.139307708,
            "max_s": 0.143681167,
            "median_s": 0.141675875
          },
          "compile_ms": 161.29612497752532,
          "size_bytes": 485256,
          "output": {
            "floats": [
              -0.169075,
              -0.169083
            ],
            "ints_sample": []
          },
          "ratio_vs_rust": 1.0
        },
        "go": {
          "time": {
            "mean_s": 0.33892976250000006,
            "stddev_s": 0.0025277485907736737,
            "min_s": 0.334024458,
            "max_s": 0.34231279200000003,
            "median_s": 0.3395990205
          },
          "compile_ms": 51.04541598120704,
          "size_bytes": 2528994,
          "output": {
            "floats": [
              -0.169075,
              -0.169083
            ],
            "ints_sample": []
          },
          "ratio_vs_rust": 2.392538538555165
        },
        "java": {
          "time": {
            "mean_s": 0.2552057801818182,
            "stddev_s": 0.001959936888154358,
            "min_s": 0.253388916,
            "max_s": 0.25960062500000003,
            "median_s": 0.254523208
          },
          "compile_ms": 295.4209159943275,
          "size_bytes": 4152,
          "output": {
            "floats": [
              -0.169075,
              -0.169083
            ],
            "ints_sample": []
          },
          "ratio_vs_rust": 1.8015227103197757
        }
      }
    },
    "spectralnorm": {
      "arg": "3000",
      "verify": "VERIFIED-MATCH",
      "langs": {
        "gcrust": {
          "time": {
            "mean_s": 0.343811496,
            "stddev_s": 0.0013665201086388071,
            "min_s": 0.34163633400000004,
            "max_s": 0.34608529200000004,
            "median_s": 0.34353766650000006
          },
          "compile_ms": 199.37612500507385,
          "size_bytes": 1760112,
          "output": {
            "floats": [
              1.274224
            ],
            "ints_sample": []
          },
          "ratio_vs_rust": 1.0483435884486758
        },
        "rust": {
          "time": {
            "mean_s": 0.3279568834,
            "stddev_s": 0.0015102471550107412,
            "min_s": 0.32550233300000003,
            "max_s": 0.330782,
            "median_s": 0.32775814600000003
          },
          "compile_ms": 143.0572920362465,
          "size_bytes": 487024,
          "output": {
            "floats": [
              1.274224
            ],
            "ints_sample": []
          },
          "ratio_vs_rust": 1.0
        },
        "go": {
          "time": {
            "mean_s": 0.3301694543,
            "stddev_s": 0.002407592447045397,
            "min_s": 0.328572958,
            "max_s": 0.33685475000000004,
            "median_s": 0.32957756250000003
          },
          "compile_ms": 52.82745900331065,
          "size_bytes": 2528594,
          "output": {
            "floats": [
              1.274224
            ],
            "ints_sample": []
          },
          "ratio_vs_rust": 1.006746529839721
        },
        "java": {
          "time": {
            "mean_s": 0.3892597498,
            "stddev_s": 0.01994700281562239,
            "min_s": 0.376296709,
            "max_s": 0.43897616700000003,
            "median_s": 0.380283166
          },
          "compile_ms": 261.95970800472423,
          "size_bytes": 1645,
          "output": {
            "floats": [
              1.274224
            ],
            "ints_sample": []
          },
          "ratio_vs_rust": 1.18692355459797
        }
      }
    },
    "fannkuchredux": {
      "arg": "11",
      "verify": "VERIFIED-MATCH",
      "langs": {
        "gcrust": {
          "time": {
            "mean_s": 3.8658686333,
            "stddev_s": 1.7671356693791704,
            "min_s": 2.546454042,
            "max_s": 7.459201917,
            "median_s": 2.7984642915
          },
          "compile_ms": 195.36962499842048,
          "size_bytes": 1759584,
          "output": {
            "floats": [],
            "ints_sample": [
              556355,
              11,
              51
            ]
          },
          "ratio_vs_rust": 1.7936206957702951
        },
        "rust": {
          "time": {
            "mean_s": 2.1553434583,
            "stddev_s": 1.0571954500090108,
            "min_s": 1.608722666,
            "max_s": 4.315556125,
            "median_s": 1.6337161875000001
          },
          "compile_ms": 169.9669579975307,
          "size_bytes": 465200,
          "output": {
            "floats": [],
            "ints_sample": [
              556355,
              11,
              51
            ]
          },
          "ratio_vs_rust": 1.0
        },
        "go": {
          "time": {
            "mean_s": 1.3138926040999999,
            "stddev_s": 0.036463007129385154,
            "min_s": 1.2701571249999999,
            "max_s": 1.398339292,
            "median_s": 1.3091148125
          },
          "compile_ms": 50.04387500230223,
          "size_bytes": 2528962,
          "output": {
            "floats": [],
            "ints_sample": [
              556355,
              11,
              51
            ]
          },
          "ratio_vs_rust": 0.6095977877866
        },
        "java": {
          "time": {
            "mean_s": 2.3907064916000005,
            "stddev_s": 0.3994947577645852,
            "min_s": 1.899496792,
            "max_s": 3.142489958,
            "median_s": 2.4128216665
          },
          "compile_ms": 265.35883301403373,
          "size_bytes": 1643,
          "output": {
            "floats": [],
            "ints_sample": [
              556355,
              11,
              51
            ]
          },
          "ratio_vs_rust": 1.109199780848682
        }
      }
    },
    "binarytrees": {
      "arg": "16",
      "verify": "VERIFIED-MATCH",
      "langs": {
        "gcrust": {
          "time": {
            "mean_s": 0.33485539799999997,
            "stddev_s": 0.006009956496479281,
            "min_s": 0.32623054100000004,
            "max_s": 0.34214625000000004,
            "median_s": 0.33561050000000003
          },
          "compile_ms": 198.8476249971427,
          "size_bytes": 1759784,
          "output": {
            "floats": [],
            "ints_sample": [
              17,
              262143,
              65536,
              4,
              2031616,
              16384
            ]
          },
          "ratio_vs_rust": 0.9812486299763966
        },
        "rust": {
          "time": {
            "mean_s": 0.34125438525,
            "stddev_s": 0.0076724855914357334,
            "min_s": 0.33538633300000004,
            "max_s": 0.35369775000000003,
            "median_s": 0.33647879150000004
          },
          "compile_ms": 146.4123330079019,
          "size_bytes": 465408,
          "output": {
            "floats": [],
            "ints_sample": [
              17,
              262143,
              65536,
              4,
              2031616,
              16384
            ]
          },
          "ratio_vs_rust": 1.0
        },