{
  "captured_inline": true,
  "ordered_probes": [
    "conv_pre",
    "ups.0",
    "source_downs.0",
    "source_resblocks.0",
    "resblocks.0",
    "resblocks.1",
    "resblocks.2",
    "ups.1",
    "source_downs.1",
    "source_resblocks.1",
    "resblocks.3",
    "resblocks.4",
    "resblocks.5",
    "ups.2",
    "reflection_pad",
    "source_downs.2",
    "source_resblocks.2",
    "resblocks.6",
    "resblocks.7",
    "resblocks.8",
    "conv_post"
  ],
  "per_probe": {
    "conv_pre": {
      "max_abs": 6.866455078125e-05,
      "mean_abs": 6.720751457578444e-07,
      "max_rel": 0.16563743352890015,
      "shape": [
        1,
        512,
        1078
      ]
    },
    "ups.0": {
      "max_abs": 1.1444091796875e-05,
      "mean_abs": 2.5950615167857904e-07,
      "max_rel": 2.4437670707702637,
      "shape": [
        1,
        256,
        8624
      ]
    },
    "source_downs.0": {
      "max_abs": 0.0034526754170656204,
      "mean_abs": 0.00035692696110345423,
      "max_rel": 55450.1484375,
      "shape": [
        1,
        256,
        8624
      ]
    },
    "source_resblocks.0": {
      "max_abs": 0.011681586503982544,
      "mean_abs": 0.0007846035878174007,
      "max_rel": 48333.21875,
      "shape": [
        1,
        256,
        8624
      ]
    },
    "resblocks.0": {
      "max_abs": 0.01135021448135376,
      "mean_abs": 0.0009830215713009238,
      "max_rel": 1518.314697265625,
      "shape": [
        1,
        256,
        8624
      ]
    },
    "resblocks.1": {
      "max_abs": 0.024431347846984863,
      "mean_abs": 0.0016329806530848145,
      "max_rel": 1337.302734375,
      "shape": [
        1,
        256,
        8624
      ]
    },
    "resblocks.2": {
      "max_abs": 0.2812303304672241,
      "mean_abs": 0.002378418343141675,
      "max_rel": 7256.021484375,
      "shape": [
        1,
        256,
        8624
      ]
    },
    "ups.1": {
      "max_abs": 0.041563987731933594,
      "mean_abs": 0.0002587411436252296,
      "max_rel": 2261.85693359375,
      "shape": [
        1,
        128,
        43120
      ]
    },
    "source_downs.1": {
      "max_abs": 0.0011423270916566253,
      "mean_abs": 0.00010857398592634127,
      "max_rel": 29707.552734375,
      "shape": [
        1,
        128,
        43120
      ]
    },
    "source_resblocks.1": {
      "max_abs": 0.0035823583602905273,
      "mean_abs": 0.00011363723751856014,
      "max_rel": 9142.9912109375,
      "shape": [
        1,
        128,
        43120
      ]
    },
    "resblocks.3": {
      "max_abs": 0.03204488754272461,
      "mean_abs": 0.0005167456110939384,
      "max_rel": 4387.4072265625,
      "shape": [
        1,
        128,
        43120
      ]
    },
    "resblocks.4": {
      "max_abs": 0.25090402364730835,
      "mean_abs": 0.0014796835603192449,
      "max_rel": 54844.4921875,
      "shape": [
        1,
        128,
        43120
      ]
    },
    "resblocks.5": {
      "max_abs": 2.4781863689422607,
      "mean_abs": 0.0029084328562021255,
      "max_rel": 8167.11328125,
      "shape": [
        1,
        128,
        43120
      ]
    },
    "ups.2": {
      "max_abs": 0.8605331182479858,
      "mean_abs": 0.0004062604275532067,
      "max_rel": 12666.3916015625,
      "shape": [
        1,
        64,
        129360
      ]
    },
    "reflection_pad": {
      "max_abs": 0.8605331182479858,
      "mean_abs": 0.00040626164991408587,
      "max_rel": 12666.3916015625,
      "shape": [
        1,
        64,
        129361
      ]
    },
    "source_downs.2": {
      "max_abs": 0.0005522891879081726,
      "mean_abs": 4.2608229705365375e-05,
      "max_rel": 0.2133919894695282,
      "shape": [
        1,
        64,
        129361
      ]
    },
    "source_resblocks.2": {
      "max_abs": 0.00040321052074432373,
      "mean_abs": 3.103492417722009e-05,
      "max_rel": 158.3306121826172,
      "shape": [
        1,
        64,
        129361
      ]
    },
    "resblocks.6": {
      "max_abs": 0.27590084075927734,
      "mean_abs": 0.0003284613194409758,
      "max_rel": 6325.08544921875,
      "shape": [
        1,
        64,
        129361
      ]
    },
    "resblocks.7": {
      "max_abs": 0.5509647130966187,
      "mean_abs": 0.0010529852006584406,
      "max_rel": 33865.875,
      "shape": [
        1,
        64,
        129361
      ]
    },
    "resblocks.8": {
      "max_abs": 2.2755470275878906,
      "mean_abs": 0.0014002361567690969,
      "max_rel": 52323.21484375,
      "shape": [
        1,
        64,
        129361
      ]
    },
    "conv_post": {
      "max_abs": 0.38020503520965576,
      "mean_abs": 0.00044278119457885623,
      "max_rel": 7264.6982421875,
      "shape": [
        1,
        18,
        129361
      ]
    }
  },
  "final": {
    "max_abs": 0.23506219685077667,
    "mean_abs": 0.0006316843209788203,
    "max_rel": 11659.2900390625,
    "shape": [
      1,
      517440
    ]
  }
}