{
  "device": "cuda",
  "no_hooks": true,
  "final": {
    "max_abs": 0.39066919684410095,
    "mean_abs": 0.0008021443500183523,
    "max_rel": 9750.5908203125,
    "shape": [
      1,
      480960
    ]
  }
}