{
  "captured_inline": true,
  "captured_during_bad_pass": true,
  "ordered_probes": [
    "conv_pre",
    "ups.0",
    "source_downs.0",
    "source_resblocks.0",
    "resblocks.0",
    "resblocks.1",
    "resblocks.2",
    "ups.1",
    "source_downs.1",
    "source_resblocks.1",
    "resblocks.3",
    "resblocks.4",
    "resblocks.5",
    "ups.2",
    "reflection_pad",
    "source_downs.2",
    "source_resblocks.2",
    "resblocks.6",
    "resblocks.7",
    "resblocks.8",
    "conv_post"
  ],
  "per_probe": {
    "conv_pre": {
      "max_abs": 3.814697265625e-05,
      "mean_abs": 5.151997584107448e-07,
      "max_rel": 0.09968861937522888,
      "shape": [
        1,
        512,
        1026
      ]
    },
    "ups.0": {
      "max_abs": 1.1444091796875e-05,
      "mean_abs": 2.422871432372631e-07,
      "max_rel": 5.100244522094727,
      "shape": [
        1,
        256,
        8208
      ]
    },
    "source_downs.0": {
      "max_abs": 0.002880990505218506,
      "mean_abs": 0.0003588179242797196,
      "max_rel": 75740.109375,
      "shape": [
        1,
        256,
        8208
      ]
    },
    "source_resblocks.0": {
      "max_abs": 0.01292756199836731,
      "mean_abs": 0.0007808860391378403,
      "max_rel": 67611.0703125,
      "shape": [
        1,
        256,
        8208
      ]
    },
    "resblocks.0": {
      "max_abs": 0.012995988130569458,
      "mean_abs": 0.0009716431959532201,
      "max_rel": 7384.4013671875,
      "shape": [
        1,
        256,
        8208
      ]
    },
    "resblocks.1": {
      "max_abs": 0.025534629821777344,
      "mean_abs": 0.0016261700075119734,
      "max_rel": 3736.5712890625,
      "shape": [
        1,
        256,
        8208
      ]
    },
    "resblocks.2": {
      "max_abs": 0.24412775039672852,
      "mean_abs": 0.0024177113082259893,
      "max_rel": 6499.951171875,
      "shape": [
        1,
        256,
        8208
      ]
    },
    "ups.1": {
      "max_abs": 0.03402137756347656,
      "mean_abs": 0.0002720766933634877,
      "max_rel": 2831.998046875,
      "shape": [
        1,
        128,
        41040
      ]
    },
    "source_downs.1": {
      "max_abs": 0.019925331696867943,
      "mean_abs": 0.0007636729860678315,
      "max_rel": 14517.029296875,
      "shape": [
        1,
        128,
        41040
      ]
    },
    "source_resblocks.1": {
      "max_abs": 0.001607656478881836,
      "mean_abs": 0.00011304383224342018,
      "max_rel": 15968.548828125,
      "shape": [
        1,
        128,
        41040
      ]
    },
    "resblocks.3": {
      "max_abs": 2.5562291145324707,
      "mean_abs": 0.25860318541526794,
      "max_rel": 684723.6875,
      "shape": [
        1,
        128,
        41040
      ]
    },
    "resblocks.4": {
      "max_abs": 0.219320148229599,
      "mean_abs": 0.0014935939107090235,
      "max_rel": 10578.041015625,
      "shape": [
        1,
        128,
        41040
      ]
    },
    "resblocks.5": {
      "max_abs": 7.878733158111572,
      "mean_abs": 0.30167725682258606,
      "max_rel": 2273683.75,
      "shape": [
        1,
        128,
        41040
      ]
    },
    "ups.2": {
      "max_abs": 1.6617615222930908,
      "mean_abs": 0.04306037351489067,
      "max_rel": 2698247.5,
      "shape": [
        1,
        64,
        123120
      ]
    },
    "reflection_pad": {
      "max_abs": 1.6617615222930908,
      "mean_abs": 0.043060433119535446,
      "max_rel": 2698247.5,
      "shape": [
        1,
        64,
        123121
      ]
    },
    "source_downs.2": {
      "max_abs": 0.0005808025598526001,
      "mean_abs": 4.2382365791127086e-05,
      "max_rel": 0.22175011038780212,
      "shape": [
        1,
        64,
        123121
      ]
    },
    "source_resblocks.2": {
      "max_abs": 0.00040056928992271423,
      "mean_abs": 3.092578117502853e-05,
      "max_rel": 4.108444690704346,
      "shape": [
        1,
        64,
        123121
      ]
    },
    "resblocks.6": {
      "max_abs": 2.5474069118499756,
      "mean_abs": 0.05304534733295441,
      "max_rel": 3822873.75,
      "shape": [
        1,
        64,
        123121
      ]
    },
    "resblocks.7": {
      "max_abs": 4.713230133056641,
      "mean_abs": 0.06234995648264885,
      "max_rel": 12882394.0,
      "shape": [
        1,
        64,
        123121
      ]
    },
    "resblocks.8": {
      "max_abs": 3.66935133934021,
      "mean_abs": 0.06786470115184784,
      "max_rel": 1503415.75,
      "shape": [
        1,
        64,
        123121
      ]
    },
    "conv_post": {
      "max_abs": 1.4106742143630981,
      "mean_abs": 0.04506193846464157,
      "max_rel": 147164.96875,
      "shape": [
        1,
        18,
        123121
      ]
    }
  }
}