{
  "mode": "full-generate",
  "n": 20,
  "bad": 8,
  "rmses": [
    0.05948948261964892,
    0.037235561518527534,
    0.043645352938827944,
    0.04213665352912934,
    0.06518407884294859,
    0.06648182075112397,
    0.03969874197453929,
    0.06874799278428599,
    0.04159568988067062,
    0.033062185205640277,
    0.0274797849122714,
    0.06798531163345685,
    0.051788449217030436,
    0.036673486107160196,
    0.06691400216740673,
    0.04567698562601471,
    0.06737460210785302,
    0.03572997375686316,
    0.06859255937398888,
    0.036147419129362535
  ],
  "captured_gpu_rms": 0.035983607172966,
  "captured_cpu_rms": 0.06565290689468384
}