{
  "mode": "mel-only",
  "n": 20,
  "bad": 0,
  "rmses": [
    0.06565148565585333,
    0.06565569162766821,
    0.06565500720035762,
    0.0656478965359741,
    0.06565576609860321,
    0.06565171617562171,
    0.06565225523407447,
    0.06565455327571908,
    0.06564576141307982,
    0.06564915913411412,
    0.06565880869600822,
    0.0656593086897853,
    0.06565172326852482,
    0.06565303898879743,
    0.06564948896614474,
    0.06565307090621231,
    0.06565304253517762,
    0.06564977269129685,
    0.06564953861813487,
    0.06565282620563502
  ],
  "captured_gpu_rms": 0.035983607172966,
  "captured_cpu_rms": 0.06565290689468384
}