{
  "n": 2,
  "device": "cuda",
  "restored_rng": false,
  "restored_miopen": true,
  "captured_gpu_rms": 0.035983607172966,
  "captured_cpu_rms": 0.06565290689468384,
  "rmses": [
    0.046816797183222424,
    0.06565575545990338
  ],
  "bad_count": 0
}