{
  "n": 5,
  "device": "cuda",
  "restored_rng": true,
  "restored_miopen": false,
  "captured_gpu_rms": 0.035983607172966,
  "captured_cpu_rms": 0.06565290689468384,
  "rmses": [
    0.06565392912421669,
    0.06565392912421669,
    0.06565392912421669,
    0.06565392912421669,
    0.06565392912421669
  ],
  "bad_count": 0
}