{
  "captured_inline": true,
  "ordered_probes": [
    "conv_pre",
    "ups.0",
    "source_downs.0",
    "source_resblocks.0",
    "resblocks.0",
    "resblocks.1",
    "resblocks.2",
    "ups.1",
    "source_downs.1",
    "source_resblocks.1",
    "resblocks.3",
    "resblocks.4",
    "resblocks.5",
    "ups.2",
    "reflection_pad",
    "source_downs.2",
    "source_resblocks.2",
    "resblocks.6",
    "resblocks.7",
    "resblocks.8",
    "conv_post"
  ],
  "per_probe": {
    "conv_pre": {
      "max_abs": 7.62939453125e-05,
      "mean_abs": 5.259182103145577e-07,
      "max_rel": 0.07190777361392975,
      "shape": [
        1,
        512,
        1102
      ]
    },
    "ups.0": {
      "max_abs": 1.239776611328125e-05,
      "mean_abs": 2.245859462846056e-07,
      "max_rel": 0.8023087382316589,
      "shape": [
        1,
        256,
        8816
      ]
    },
    "source_downs.0": {
      "max_abs": 0.0029964782297611237,
      "mean_abs": 0.0003578811592888087,
      "max_rel": 39430.22265625,
      "shape": [
        1,
        256,
        8816
      ]
    },
    "source_resblocks.0": {
      "max_abs": 0.01140698790550232,
      "mean_abs": 0.0007885778322815895,
      "max_rel": 8310.271484375,
      "shape": [
        1,
        256,
        8816
      ]
    },
    "resblocks.0": {
      "max_abs": 0.013833463191986084,
      "mean_abs": 0.0009815089870244265,
      "max_rel": 2382.1845703125,
      "shape": [
        1,
        256,
        8816
      ]
    },
    "resblocks.1": {
      "max_abs": 0.026173532009124756,
      "mean_abs": 0.001630387268960476,
      "max_rel": 1205.7171630859375,
      "shape": [
        1,
        256,
        8816
      ]
    },
    "resblocks.2": {
      "max_abs": 0.2624770998954773,
      "mean_abs": 0.002586972899734974,
      "max_rel": 2023.2774658203125,
      "shape": [
        1,
        256,
        8816
      ]
    },
    "ups.1": {
      "max_abs": 0.045914843678474426,
      "mean_abs": 0.0002894650970119983,
      "max_rel": 6640.69287109375,
      "shape": [
        1,
        128,
        44080
      ]
    },
    "source_downs.1": {
      "max_abs": 0.0012417990947142243,
      "mean_abs": 0.0001082888338714838,
      "max_rel": 33121.36328125,
      "shape": [
        1,
        128,
        44080
      ]
    },
    "source_resblocks.1": {
      "max_abs": 0.001543879508972168,
      "mean_abs": 0.00011311112029943615,
      "max_rel": 10658.72265625,
      "shape": [
        1,
        128,
        44080
      ]
    },
    "resblocks.3": {
      "max_abs": 0.03239116072654724,
      "mean_abs": 0.000555371050722897,
      "max_rel": 32579.359375,
      "shape": [
        1,
        128,
        44080
      ]
    },
    "resblocks.4": {
      "max_abs": 0.29470789432525635,
      "mean_abs": 0.0016372507670894265,
      "max_rel": 14545.8583984375,
      "shape": [
        1,
        128,
        44080
      ]
    },
    "resblocks.5": {
      "max_abs": 3.362250328063965,
      "mean_abs": 0.003849188331514597,
      "max_rel": 10098.291015625,
      "shape": [
        1,
        128,
        44080
      ]
    },
    "ups.2": {
      "max_abs": 1.0562682151794434,
      "mean_abs": 0.000525426643434912,
      "max_rel": 71832.234375,
      "shape": [
        1,
        64,
        132240
      ]
    },
    "reflection_pad": {
      "max_abs": 1.0562682151794434,
      "mean_abs": 0.0005254260613583028,
      "max_rel": 71832.234375,
      "shape": [
        1,
        64,
        132241
      ]
    },
    "source_downs.2": {
      "max_abs": 0.0005921125411987305,
      "mean_abs": 4.253705628798343e-05,
      "max_rel": 0.2255237102508545,
      "shape": [
        1,
        64,
        132241
      ]
    },
    "source_resblocks.2": {
      "max_abs": 0.00039011985063552856,
      "mean_abs": 3.09455135720782e-05,
      "max_rel": 7.6547722816467285,
      "shape": [
        1,
        64,
        132241
      ]
    },
    "resblocks.6": {
      "max_abs": 0.27152127027511597,
      "mean_abs": 0.00039871499757282436,
      "max_rel": 57869.7578125,
      "shape": [
        1,
        64,
        132241
      ]
    },
    "resblocks.7": {
      "max_abs": 0.744869589805603,
      "mean_abs": 0.0013138465583324432,
      "max_rel": 238385.3125,
      "shape": [
        1,
        64,
        132241
      ]
    },
    "resblocks.8": {
      "max_abs": 1.6443723440170288,
      "mean_abs": 0.0017435733461752534,
      "max_rel": 508147.0625,
      "shape": [
        1,
        64,
        132241
      ]
    },
    "conv_post": {
      "max_abs": 0.3748927116394043,
      "mean_abs": 0.0005552179063670337,
      "max_rel": 78360.3125,
      "shape": [
        1,
        18,
        132241
      ]
    }
  },
  "final": {
    "max_abs": 0.15843230485916138,
    "mean_abs": 0.0007953432505019009,
    "max_rel": 4415.87890625,
    "shape": [
      1,
      528960
    ]
  }
}