{
  "captured_inline": true,
  "captured_during_bad_pass": true,
  "ordered_probes": [
    "conv_pre",
    "ups.0",
    "source_downs.0",
    "source_resblocks.0",
    "resblocks.0",
    "resblocks.1",
    "resblocks.2",
    "ups.1",
    "source_downs.1",
    "source_resblocks.1",
    "resblocks.3",
    "resblocks.4",
    "resblocks.5",
    "ups.2",
    "reflection_pad",
    "source_downs.2",
    "source_resblocks.2",
    "resblocks.6",
    "resblocks.7",
    "resblocks.8",
    "conv_post"
  ],
  "per_probe": {
    "conv_pre": {
      "max_abs": 4.57763671875e-05,
      "mean_abs": 5.327867711457657e-07,
      "max_rel": 0.28019434213638306,
      "shape": [
        1,
        512,
        1102
      ]
    },
    "ups.0": {
      "max_abs": 1.0013580322265625e-05,
      "mean_abs": 2.2768674057260796e-07,
      "max_rel": 0.7492302656173706,
      "shape": [
        1,
        256,
        8816
      ]
    },
    "source_downs.0": {
      "max_abs": 0.002848537638783455,
      "mean_abs": 0.0003590358537621796,
      "max_rel": 54472.390625,
      "shape": [
        1,
        256,
        8816
      ]
    },
    "source_resblocks.0": {
      "max_abs": 0.012178391218185425,
      "mean_abs": 0.0007830332615412772,
      "max_rel": 32613.03125,
      "shape": [
        1,
        256,
        8816
      ]
    },
    "resblocks.0": {
      "max_abs": 0.012306571006774902,
      "mean_abs": 0.0009726530406624079,
      "max_rel": 29287.384765625,
      "shape": [
        1,
        256,
        8816
      ]
    },
    "resblocks.1": {
      "max_abs": 0.02697920799255371,
      "mean_abs": 0.001629043952561915,
      "max_rel": 3111.06494140625,
      "shape": [
        1,
        256,
        8816
      ]
    },
    "resblocks.2": {
      "max_abs": 0.3455770015716553,
      "mean_abs": 0.0025517891626805067,
      "max_rel": 1408.6026611328125,
      "shape": [
        1,
        256,
        8816
      ]
    },
    "ups.1": {
      "max_abs": 0.051728006452322006,
      "mean_abs": 0.0002829667355399579,
      "max_rel": 24915.0625,
      "shape": [
        1,
        128,
        44080
      ]
    },
    "source_downs.1": {
      "max_abs": 0.0012167863314971328,
      "mean_abs": 0.00010811309039127082,
      "max_rel": 30988.03125,
      "shape": [
        1,
        128,
        44080
      ]
    },
    "source_resblocks.1": {
      "max_abs": 0.0014398694038391113,
      "mean_abs": 0.0001126901333918795,
      "max_rel": 16592.71875,
      "shape": [
        1,
        128,
        44080
      ]
    },
    "resblocks.3": {
      "max_abs": 2.6586225032806396,
      "mean_abs": 0.2622237503528595,
      "max_rel": 4199771.0,
      "shape": [
        1,
        128,
        44080
      ]
    },
    "resblocks.4": {
      "max_abs": 0.5246792435646057,
      "mean_abs": 0.001785186119377613,
      "max_rel": 43682.3203125,
      "shape": [
        1,
        128,
        44080
      ]
    },
    "resblocks.5": {
      "max_abs": 9.28028678894043,
      "mean_abs": 0.2895705997943878,
      "max_rel": 3818646.0,
      "shape": [
        1,
        128,
        44080
      ]
    },
    "ups.2": {
      "max_abs": 1.6750426292419434,
      "mean_abs": 0.041348569095134735,
      "max_rel": 1398514.0,
      "shape": [
        1,
        64,
        132240
      ]
    },
    "reflection_pad": {
      "max_abs": 1.6750426292419434,
      "mean_abs": 0.041348643600940704,
      "max_rel": 1398514.0,
      "shape": [
        1,
        64,
        132241
      ]
    },
    "source_downs.2": {
      "max_abs": 0.0005889758467674255,
      "mean_abs": 4.232033097650856e-05,
      "max_rel": 0.23052476346492767,
      "shape": [
        1,
        64,
        132241
      ]
    },
    "source_resblocks.2": {
      "max_abs": 0.00040243566036224365,
      "mean_abs": 3.0831386538920924e-05,
      "max_rel": 5.99717903137207,
      "shape": [
        1,
        64,
        132241
      ]
    },
    "resblocks.6": {
      "max_abs": 2.6077959537506104,
      "mean_abs": 0.0506010465323925,
      "max_rel": 841947.6875,
      "shape": [
        1,
        64,
        132241
      ]
    },
    "resblocks.7": {
      "max_abs": 4.30739688873291,
      "mean_abs": 0.059117868542671204,
      "max_rel": 3869507.5,
      "shape": [
        1,
        64,
        132241
      ]
    },
    "resblocks.8": {
      "max_abs": 3.7671360969543457,
      "mean_abs": 0.06369679421186447,
      "max_rel": 666593.375,
      "shape": [
        1,
        64,
        132241
      ]
    },
    "conv_post": {
      "max_abs": 1.3802250623703003,
      "mean_abs": 0.04166063666343689,
      "max_rel": 241006.46875,
      "shape": [
        1,
        18,
        132241
      ]
    }
  }
}