{
  "n": 10,
  "device": "cuda",
  "miopen_env": {},
  "rms": [
    0.06664274681890339,
    0.06664274681890339,
    0.06664274681890339,
    0.06664274681890339,
    0.06664274681890339,
    0.06664274681890339,
    0.06664274681890339,
    0.06664274681890339,
    0.06664274681890339,
    0.06664274681890339
  ],
  "centroid_hz": [
    833.4457921858923,
    833.4457921858923,
    833.4457921858923,
    833.4457921858923,
    833.4457921858923,
    833.4457921858923,
    833.4457921858923,
    833.4457921858923,
    833.4457921858923,
    833.4457921858923
  ],
  "below_300hz": [
    0.3049360449004196,
    0.3049360449004196,
    0.3049360449004196,
    0.3049360449004196,
    0.3049360449004196,
    0.3049360449004196,
    0.3049360449004196,
    0.3049360449004196,
    0.3049360449004196,
    0.3049360449004196
  ],
  "diff_to_first_run": [
    0.0,
    0.0,
    0.0,
    0.0,
    0.0,
    0.0,
    0.0,
    0.0,
    0.0,
    0.0
  ]
}