{
  "results": [
    {
      "command": "target/release/profile-render ion-examples/mega-complex.json 10 0",
      "mean": 0.0481388866,
      "stddev": 0.001379801936747954,
      "median": 0.0478460288,
      "user": 0.04188785333333332,
      "system": 0.005203186666666667,
      "min": 0.0466837988,
      "max": 0.0547759248,
      "times": [
        0.0489503408,
        0.047840132800000004,
        0.047256090800000004,
        0.0476664238,
        0.0484840488,
        0.0491135908,
        0.0547759248,
        0.0491147158,
        0.0478436328,
        0.0481744658,
        0.0479347158,
        0.047588590800000004,
        0.048258423800000005,
        0.0472157158,
        0.0487128828,
        0.047646632800000005,
        0.0466837988,
        0.0475677158,
        0.0476104238,
        0.0473739658,
        0.0479020068,
        0.0478477578,
        0.0474730488,
        0.0482530908,
        0.0471176738,
        0.047844299800000004,
        0.047487673800000005,
        0.0483405488,
        0.0480665908,
        0.048021673800000005
      ],
      "exit_codes": [
        0,
        0,
        0,
        0,
        0,
        0,
        0,
        0,
        0,
        0,
        0,
        0,
        0,
        0,
        0,
        0,
        0,
        0,
        0,
        0,
        0,
        0,
        0,
        0,
        0,
        0,
        0,
        0,
        0,
        0
      ]
    }
  ]
}
