{
  "results": [
    {
      "command": "target/release/profile-render ion-examples/mega-complex.json 10 0",
      "mean": 0.04762249798666666,
      "stddev": 0.000612915209575358,
      "median": 0.04743960892,
      "user": 0.04154802,
      "system": 0.005114033333333334,
      "min": 0.04643273442,
      "max": 0.04915569242,
      "times": [
        0.04652327642,
        0.047125692420000004,
        0.04727360942,
        0.04807415042,
        0.04716410842,
        0.04742773342,
        0.04710790042,
        0.047198817420000004,
        0.04756802642,
        0.04780985942,
        0.04738406742,
        0.04643273442,
        0.04720073442,
        0.04774490042,
        0.04803590042,
        0.04703760942,
        0.04742869242,
        0.04805169242,
        0.04725677542,
        0.04828302542,
        0.047586776420000004,
        0.04915569242,
        0.04805960942,
        0.048354984420000004,
        0.04858644242,
        0.04833756742,
        0.04737140042,
        0.04722081742,
        0.04842181742,
        0.04745052542
      ],
      "exit_codes": [
        0,
        0,
        0,
        0,
        0,
        0,
        0,
        0,
        0,
        0,
        0,
        0,
        0,
        0,
        0,
        0,
        0,
        0,
        0,
        0,
        0,
        0,
        0,
        0,
        0,
        0,
        0,
        0,
        0,
        0
      ]
    }
  ]
}
