{
  "captured_inline": true,
  "ordered_probes": [
    "conv_pre",
    "ups.0",
    "source_downs.0",
    "source_resblocks.0",
    "resblocks.0",
    "resblocks.1",
    "resblocks.2",
    "ups.1",
    "source_downs.1",
    "source_resblocks.1",
    "resblocks.3",
    "resblocks.4",
    "resblocks.5",
    "ups.2",
    "reflection_pad",
    "source_downs.2",
    "source_resblocks.2",
    "resblocks.6",
    "resblocks.7",
    "resblocks.8",
    "conv_post"
  ],
  "per_probe": {
    "conv_pre": {
      "max_abs": 7.62939453125e-05,
      "mean_abs": 6.517479391732195e-07,
      "max_rel": 0.019669178873300552,
      "shape": [
        1,
        512,
        988
      ]
    },
    "ups.0": {
      "max_abs": 9.5367431640625e-06,
      "mean_abs": 2.4410772425653704e-07,
      "max_rel": 3.96749210357666,
      "shape": [
        1,
        256,
        7904
      ]
    },
    "source_downs.0": {
      "max_abs": 0.002723081037402153,
      "mean_abs": 0.00035774303250946105,
      "max_rel": 43134.05078125,
      "shape": [
        1,
        256,
        7904
      ]
    },
    "source_resblocks.0": {
      "max_abs": 0.0108584463596344,
      "mean_abs": 0.000784612784627825,
      "max_rel": 57538.98828125,
      "shape": [
        1,
        256,
        7904
      ]
    },
    "resblocks.0": {
      "max_abs": 0.013034403324127197,
      "mean_abs": 0.0009770867181941867,
      "max_rel": 1507.4410400390625,
      "shape": [
        1,
        256,
        7904
      ]
    },
    "resblocks.1": {
      "max_abs": 0.032122135162353516,
      "mean_abs": 0.0016442034393548965,
      "max_rel": 4584.62744140625,
      "shape": [
        1,
        256,
        7904
      ]
    },
    "resblocks.2": {
      "max_abs": 0.4748210310935974,
      "mean_abs": 0.002589545911177993,
      "max_rel": 1113.25927734375,
      "shape": [
        1,
        256,
        7904
      ]
    },
    "ups.1": {
      "max_abs": 0.0693621039390564,
      "mean_abs": 0.0002852248726412654,
      "max_rel": 6053.06787109375,
      "shape": [
        1,
        128,
        39520
      ]
    },
    "source_downs.1": {
      "max_abs": 0.001251561101526022,
      "mean_abs": 0.00010834407294169068,
      "max_rel": 27547.134765625,
      "shape": [
        1,
        128,
        39520
      ]
    },
    "source_resblocks.1": {
      "max_abs": 0.003229379653930664,
      "mean_abs": 0.00011314466246403754,
      "max_rel": 16121.8193359375,
      "shape": [
        1,
        128,
        39520
      ]
    },
    "resblocks.3": {
      "max_abs": 0.05716456472873688,
      "mean_abs": 0.0005449758609756827,
      "max_rel": 53153.10546875,
      "shape": [
        1,
        128,
        39520
      ]
    },
    "resblocks.4": {
      "max_abs": 0.7247868776321411,
      "mean_abs": 0.0017992656212300062,
      "max_rel": 13132.0869140625,
      "shape": [
        1,
        128,
        39520
      ]
    },
    "resblocks.5": {
      "max_abs": 2.0057783126831055,
      "mean_abs": 0.0031392276287078857,
      "max_rel": 37178.3984375,
      "shape": [
        1,
        128,
        39520
      ]
    },
    "ups.2": {
      "max_abs": 0.5907196998596191,
      "mean_abs": 0.0004668360634241253,
      "max_rel": 17606.1640625,
      "shape": [
        1,
        64,
        118560
      ]
    },
    "reflection_pad": {
      "max_abs": 0.5907196998596191,
      "mean_abs": 0.0004668366746045649,
      "max_rel": 17606.1640625,
      "shape": [
        1,
        64,
        118561
      ]
    },
    "source_downs.2": {
      "max_abs": 0.0005580335855484009,
      "mean_abs": 4.2432126065250486e-05,
      "max_rel": 0.21459010243415833,
      "shape": [
        1,
        64,
        118561
      ]
    },
    "source_resblocks.2": {
      "max_abs": 0.0004100389778614044,
      "mean_abs": 3.088435187237337e-05,
      "max_rel": 15.224950790405273,
      "shape": [
        1,
        64,
        118561
      ]
    },
    "resblocks.6": {
      "max_abs": 0.25657832622528076,
      "mean_abs": 0.0003805494343396276,
      "max_rel": 6092.70263671875,
      "shape": [
        1,
        64,
        118561
      ]
    },
    "resblocks.7": {
      "max_abs": 0.7352749109268188,
      "mean_abs": 0.0012543185148388147,
      "max_rel": 17923.142578125,
      "shape": [
        1,
        64,
        118561
      ]
    },
    "resblocks.8": {
      "max_abs": 0.9292104840278625,
      "mean_abs": 0.0015656246105208993,
      "max_rel": 41272.98046875,
      "shape": [
        1,
        64,
        118561
      ]
    },
    "conv_post": {
      "max_abs": 0.22055679559707642,
      "mean_abs": 0.0005150194629095495,
      "max_rel": 13983.736328125,
      "shape": [
        1,
        18,
        118561
      ]
    }
  },
  "final": {
    "max_abs": 0.0911615639925003,
    "mean_abs": 0.0007749508949927986,
    "max_rel": 3246.92041015625,
    "shape": [
      1,
      474240
    ]
  }
}