{
  "captured_inline": true,
  "ordered_probes": [
    "conv_pre",
    "ups.0",
    "source_downs.0",
    "source_resblocks.0",
    "resblocks.0",
    "resblocks.1",
    "resblocks.2",
    "ups.1",
    "source_downs.1",
    "source_resblocks.1",
    "resblocks.3",
    "resblocks.4",
    "resblocks.5",
    "ups.2",
    "reflection_pad",
    "source_downs.2",
    "source_resblocks.2",
    "resblocks.6",
    "resblocks.7",
    "resblocks.8",
    "conv_post"
  ],
  "per_probe": {
    "conv_pre": {
      "max_abs": 4.57763671875e-05,
      "mean_abs": 5.271651275506883e-07,
      "max_rel": 0.2431996464729309,
      "shape": [
        1,
        512,
        1066
      ]
    },
    "ups.0": {
      "max_abs": 1.1444091796875e-05,
      "mean_abs": 2.4892156602618343e-07,
      "max_rel": 1.932297945022583,
      "shape": [
        1,
        256,
        8528
      ]
    },
    "source_downs.0": {
      "max_abs": 0.0027810335159301758,
      "mean_abs": 0.0003585426020435989,
      "max_rel": 61087.65234375,
      "shape": [
        1,
        256,
        8528
      ]
    },
    "source_resblocks.0": {
      "max_abs": 0.010319948196411133,
      "mean_abs": 0.000786666467320174,
      "max_rel": 32861.73828125,
      "shape": [
        1,
        256,
        8528
      ]
    },
    "resblocks.0": {
      "max_abs": 0.01296687126159668,
      "mean_abs": 0.0009802215499803424,
      "max_rel": 1477.21142578125,
      "shape": [
        1,
        256,
        8528
      ]
    },
    "resblocks.1": {
      "max_abs": 0.025319814682006836,
      "mean_abs": 0.0016353674000129104,
      "max_rel": 4876.25244140625,
      "shape": [
        1,
        256,
        8528
      ]
    },
    "resblocks.2": {
      "max_abs": 0.4206240177154541,
      "mean_abs": 0.0025193498004227877,
      "max_rel": 2794.1943359375,
      "shape": [
        1,
        256,
        8528
      ]
    },
    "ups.1": {
      "max_abs": 0.0830221176147461,
      "mean_abs": 0.0002751347201410681,
      "max_rel": 5240.92431640625,
      "shape": [
        1,
        128,
        42640
      ]
    },
    "source_downs.1": {
      "max_abs": 0.001117049716413021,
      "mean_abs": 0.00010831523832166567,
      "max_rel": 24970.96875,
      "shape": [
        1,
        128,
        42640
      ]
    },
    "source_resblocks.1": {
      "max_abs": 0.005702614784240723,
      "mean_abs": 0.00011321903730276972,
      "max_rel": 23032.734375,
      "shape": [
        1,
        128,
        42640
      ]
    },
    "resblocks.3": {
      "max_abs": 0.05511707067489624,
      "mean_abs": 0.0005472662742249668,
      "max_rel": 38103.3046875,
      "shape": [
        1,
        128,
        42640
      ]
    },
    "resblocks.4": {
      "max_abs": 0.3499643802642822,
      "mean_abs": 0.0014780140481889248,
      "max_rel": 67794.3984375,
      "shape": [
        1,
        128,
        42640
      ]
    },
    "resblocks.5": {
      "max_abs": 4.978808879852295,
      "mean_abs": 0.0036851682234555483,
      "max_rel": 9478.9462890625,
      "shape": [
        1,
        128,
        42640
      ]
    },
    "ups.2": {
      "max_abs": 1.6265573501586914,
      "mean_abs": 0.0005053950008004904,
      "max_rel": 17855.89453125,
      "shape": [
        1,
        64,
        127920
      ]
    },
    "reflection_pad": {
      "max_abs": 1.6265573501586914,
      "mean_abs": 0.000505391857586801,
      "max_rel": 17855.89453125,
      "shape": [
        1,
        64,
        127921
      ]
    },
    "source_downs.2": {
      "max_abs": 0.0005376338958740234,
      "mean_abs": 4.253969018463977e-05,
      "max_rel": 0.21064496040344238,
      "shape": [
        1,
        64,
        127921
      ]
    },
    "source_resblocks.2": {
      "max_abs": 0.0003793202340602875,
      "mean_abs": 3.099033347098157e-05,
      "max_rel": 13.473047256469727,
      "shape": [
        1,
        64,
        127921
      ]
    },
    "resblocks.6": {
      "max_abs": 0.4623684287071228,
      "mean_abs": 0.00037987070390954614,
      "max_rel": 3653.779052734375,
      "shape": [
        1,
        64,
        127921
      ]
    },
    "resblocks.7": {
      "max_abs": 0.5995203256607056,
      "mean_abs": 0.0012381609994918108,
      "max_rel": 153554.515625,
      "shape": [
        1,
        64,
        127921
      ]
    },
    "resblocks.8": {
      "max_abs": 3.1982598304748535,
      "mean_abs": 0.0018352702027186751,
      "max_rel": 102636.046875,
      "shape": [
        1,
        64,
        127921
      ]
    },
    "conv_post": {
      "max_abs": 0.6674172282218933,
      "mean_abs": 0.000543872476555407,
      "max_rel": 46604.37109375,
      "shape": [
        1,
        18,
        127921
      ]
    }
  },
  "final": {
    "max_abs": 0.3809245526790619,
    "mean_abs": 0.000810768106020987,
    "max_rel": 4218.98779296875,
    "shape": [
      1,
      511680
    ]
  }
}