{
  "captured_inline": true,
  "ordered_probes": [
    "conv_pre",
    "ups.0",
    "source_downs.0",
    "source_resblocks.0",
    "resblocks.0",
    "resblocks.1",
    "resblocks.2",
    "ups.1",
    "source_downs.1",
    "source_resblocks.1",
    "resblocks.3",
    "resblocks.4",
    "resblocks.5",
    "ups.2",
    "reflection_pad",
    "source_downs.2",
    "source_resblocks.2",
    "resblocks.6",
    "resblocks.7",
    "resblocks.8",
    "conv_post"
  ],
  "per_probe": {
    "conv_pre": {
      "max_abs": 4.57763671875e-05,
      "mean_abs": 5.027157499171153e-07,
      "max_rel": 0.05365631356835365,
      "shape": [
        1,
        512,
        1018
      ]
    },
    "ups.0": {
      "max_abs": 1.1920928955078125e-05,
      "mean_abs": 2.1690672724616888e-07,
      "max_rel": 2.0896072387695312,
      "shape": [
        1,
        256,
        8144
      ]
    },
    "source_downs.0": {
      "max_abs": 0.00295119546353817,
      "mean_abs": 0.00035790776018984616,
      "max_rel": 70793.8125,
      "shape": [
        1,
        256,
        8144
      ]
    },
    "source_resblocks.0": {
      "max_abs": 0.010446399450302124,
      "mean_abs": 0.000780227652285248,
      "max_rel": 38202.0703125,
      "shape": [
        1,
        256,
        8144
      ]
    },
    "resblocks.0": {
      "max_abs": 0.012518107891082764,
      "mean_abs": 0.0009723773691803217,
      "max_rel": 11284.10546875,
      "shape": [
        1,
        256,
        8144
      ]
    },
    "resblocks.1": {
      "max_abs": 0.02696514129638672,
      "mean_abs": 0.0016321053262799978,
      "max_rel": 1490.971923828125,
      "shape": [
        1,
        256,
        8144
      ]
    },
    "resblocks.2": {
      "max_abs": 0.26836085319519043,
      "mean_abs": 0.0023343318607658148,
      "max_rel": 2062.72412109375,
      "shape": [
        1,
        256,
        8144
      ]
    },
    "ups.1": {
      "max_abs": 0.0394267737865448,
      "mean_abs": 0.000265244540059939,
      "max_rel": 8849.98046875,
      "shape": [
        1,
        128,
        40720
      ]
    },
    "source_downs.1": {
      "max_abs": 0.0012804648140445352,
      "mean_abs": 0.00010831747204065323,
      "max_rel": 28642.40625,
      "shape": [
        1,
        128,
        40720
      ]
    },
    "source_resblocks.1": {
      "max_abs": 0.001798391342163086,
      "mean_abs": 0.00011311618436593562,
      "max_rel": 13384.568359375,
      "shape": [
        1,
        128,
        40720
      ]
    },
    "resblocks.3": {
      "max_abs": 0.029855668544769287,
      "mean_abs": 0.0005252235569059849,
      "max_rel": 22352.23828125,
      "shape": [
        1,
        128,
        40720
      ]
    },
    "resblocks.4": {
      "max_abs": 0.2572976350784302,
      "mean_abs": 0.0014656309504061937,
      "max_rel": 30678.203125,
      "shape": [
        1,
        128,
        40720
      ]
    },
    "resblocks.5": {
      "max_abs": 2.251352071762085,
      "mean_abs": 0.003262253012508154,
      "max_rel": 129040.1796875,
      "shape": [
        1,
        128,
        40720
      ]
    },
    "ups.2": {
      "max_abs": 0.7919496893882751,
      "mean_abs": 0.00044865149538964033,
      "max_rel": 4172.7607421875,
      "shape": [
        1,
        64,
        122160
      ]
    },
    "reflection_pad": {
      "max_abs": 0.7919496893882751,
      "mean_abs": 0.0004486508260015398,
      "max_rel": 4172.7607421875,
      "shape": [
        1,
        64,
        122161
      ]
    },
    "source_downs.2": {
      "max_abs": 0.0005947425961494446,
      "mean_abs": 4.254377927281894e-05,
      "max_rel": 0.22448624670505524,
      "shape": [
        1,
        64,
        122161
      ]
    },
    "source_resblocks.2": {
      "max_abs": 0.00038401782512664795,
      "mean_abs": 3.0966381018515676e-05,
      "max_rel": 1.9840699434280396,
      "shape": [
        1,
        64,
        122161
      ]
    },
    "resblocks.6": {
      "max_abs": 0.21025145053863525,
      "mean_abs": 0.00034542367211543024,
      "max_rel": 7663.05810546875,
      "shape": [
        1,
        64,
        122161
      ]
    },
    "resblocks.7": {
      "max_abs": 0.47312209010124207,
      "mean_abs": 0.0010805585188791156,
      "max_rel": 127036.03125,
      "shape": [
        1,
        64,
        122161
      ]
    },
    "resblocks.8": {
      "max_abs": 1.2093702554702759,
      "mean_abs": 0.0015198660548776388,
      "max_rel": 45546.14453125,
      "shape": [
        1,
        64,
        122161
      ]
    },
    "conv_post": {
      "max_abs": 0.2210879772901535,
      "mean_abs": 0.00048511032946407795,
      "max_rel": 6031.01513671875,
      "shape": [
        1,
        18,
        122161
      ]
    }
  },
  "final": {
    "max_abs": 0.13474823534488678,
    "mean_abs": 0.0006911070668138564,
    "max_rel": 63840.01953125,
    "shape": [
      1,
      488640
    ]
  }
}